{
    "width": 1600,
    "height": 1100,

    "K": [
        [1318.3154434281312, 0.0, 801.1191330076425],
        [0.0, 1318.7569084623758, 560.6985001290667],
        [0.0, 0.0, 1.0]
    ],

    "dist": [-0.1446103388981244, 0.12490635718180937, 0.00016953055986530972, 1.794183707077204e-05]
}
