{
    "T_bc": [
        [0.00374226, -0.99999299, -0.0001187, 0.0163379],
        [0.9999855, 0.00374177, 0.00387184, 0.00552449],
        [-0.00387137, -0.00013319, 0.9999925, 0.180934],
        [0.0, 0.0, 0.0, 1.0]
    ],

    "T_cb": [
        [ 0.00374226, 0.9999855, -0.00387137, -0.00488509],
        [-0.99999299, 0.00374177, -0.00013319, 0.01634121],
        [-0.0001187, 0.00387184, 0.9999925, -0.18095209],
        [0.0, 0.0, 0.0, 1.0]
    ]
}
